BHL Image,BHL Common Name,BHL Scientific Name,Plate Number,SAAM Image,Similarity,SAAM Title,SAAM Date,SAAM markings,Match Validation
42602767,Mountain Ladyslipper,Cypripedium montanum,1,SAAM-1970.355.340_1,0.96040106,Mountain Lady's Slipper (Cypripedium montanum),1923,lower left in watercolor: M. V. W./Sinclair Canon/8  6.28.1923,Match
42602769,Pussy-cars,Calochortus elegans,2,SAAM-1970.355.341_2,0.9025807,Pussy-ears (Calochortus elegans),1923,"lower left in watercolor: M. V. W./Cranbrook/14.  7.15.1923.
back lower left in pencil: Warsposa Lilly (sic)",Match
42602771,False Locoweed,Oxytropis gracilis,3,SAAM-1970.355.342_2,0.9350132,False Locoweed (Oxytropia gracilis),1920,lower right in watercolor: M. V. W./Ghost River/7.10.1920./H,Match
42602773,Nodding Ladies-tresses,Ibidium cernuum,4,SAAM-1970.355.343_2,0.87130105,Nodding Ladies-Tresses (Ibidium cernum),1905,lower left in watercolor: Mount Kisco/9.27.1905-,Match
42602775,Pink Fumewort,Capnoides sempervirens,5,SAAM-1970.355.344_2,0.9275449,Pink Fumeroot (Capnoides sempervirens),1922,lower right in watercolor: M. V. W./Kootenay Camp/9.18.1922/21,Match
42602777,Sun-dial Lupine,Lupinus perennis,6,SAAM-1970.355.345_1,0.9613173,Sun Dial Lupine (Lupinus perennis),1919,"lower right in watercolor: M. V. W./5.19.1919. 
back lower left in pencil: Lupinus perennis",Match
42602779,Big Whortleberry,Vaccinium membranaceum,7,SAAM-1970.355.346_2,0.9551654,Big Whortleberry (Vaccinium membranaceum),1916,lower left in watercolor: Hector/9.6.1916,Match
42602781,Pinebarren Gentian,Gentiana parryi,8,SAAM-1970.355.347_1,0.84908026,Pinebarren Gentian (Gentiana porphyrio),1923,lower right in watercolor: M. V. W./10.27.1923,Match
42602783,Skeletonflower,Lygodesmia juncea,9,SAAM-1970.355.348_2,0.90672016,Skeleton Flower (Lygodesmia juncea),1923,lower left in watercolor: M. V. W./Kootenay River Bridge/7.22.1923-/7,Match
42602785,Lake Louise Arnica,Arnica louiseana,10,SAAM-1970.355.349_2,0.8192728,Lake Louise Arnica (Arnica louisiana),1922,lower left in watercolor: M. V. W./Clearwater/8.5.1922/9.,Match
42602787,Red Lily,Lilium montanum,11,SAAM-1970.355.350_1,0.94312894,Red Lily (Lilium montanum),1923,lower left in watercolor: M. V. W./Sinclair Cañon/10  7.2.1923.,Match
42602789,Cottongrass,Eriophorum chamissonis,12,SAAM-1970.355.351_2,0.7477768,Slender Cotton-Grass (Eriophorum chamissonis),1920,lower left in watercolor: M. V. W./Clearwater Camp/9.3.1920,Not Match
42602791,Vernal Iris,Iris verna,13,SAAM-1970.355.352_2,0.9014473,Vernal Iris (Iris verna),1918,lower right in pencil: Beaufort SC/3.14.1918,Match
42602793,Anemolena,Symsdonia thalictroides,14,SAAM-1970.355.353_2,0.8492434,Anemonella (Syndesmon thalictroides),1917,lower left in watercolor: Washington/4.24.1917,Match
42602795,White Troulity,Erythronium albidum,15,SAAM-1970.355.354_2,0.92548525,White Troutlily (Erythronium albidum),1919,"lower left in watercolor: Washington/4.8.1919. 
back lower center in pencil: Erythronium albidum
back upper center in ink: 3
",Match
42602797,Hazel Alder,Alnus rugosa,16,SAAM-1970.355.355_2,0.9535527,Hazel Alder (Alnus regosa),1920,lower right in watercolor: M. V. W./3.24.1920.,Match
42602799,Tarlflower,Befaria racemosa,17,SAAM-1970.355.356_2,0.8958241,Tarflower (Befaria racemosa),1922,"lower left in watercolor: M. V. W./6.1.1922/13 
back lower center in pencil: Tarflower/Befaria Racemosa/(fam. Ericaceae) native of Florida
back upper center in pencil: 2",Match
42602801,Alpine Fir,Abies lasiocarpa,18,SAAM-1970.355.357_2,0.95964897,Alpine Fir (Abies lasiocarpa),1918,lower right in watercolor: Pinacle Peak/8.10.1918,Match
42602803,Oconee Bells,Shortia galacifolia,19,SAAM-1970.355.358_2,0.92572594,Oconee-Bells (Shortia galacifolia),1919,"lower left in watercolor: 3.21.1919
back upper center in pencil: 4",Match
42602805,Virginia Bluebells,Mertensia virginica,20,SAAM-1970.355.359_2,0.8940159,Virginia Bluebells (Mertensia virginica),1919,"lower left in watercolor: Washington/4.10.1919  Blue Bell
back lower right in pencil: Mertensia virginica
",Match
42602807,Burggs Milkvetch,Astragalus bourgovii,21,SAAM-1970.355.360_2,0.9036085,Burgess Milkvetch (Astragalus bourgovii),1922,"lower left in watercolor: M. V. W./Hillsdale/7.21.1922/7
back lower center in pencil: 3",Match
42602809,Greendragon,Arisaema dracontium,22,SAAM-1970.355.361_2,0.9267499,Greendragon (Arisaema dracontium),1920,lower right in watercolor: M. V. W./6.11.1920,Match
42602811,Toad Trillium,Trillium sessile,23,SAAM-1970.355.362_2,0.94806033,Toad Trillium (Trillium sessile),1920,lower right in watercolor: M. V. W./5.4.1920,Match
42602813,Southern Magnolia (flower),Magnolia grandiflora,24,SAAM-1970.355.363_2,0.9467163,Southern Magnolia (Magnolia grandiflora),1918,lower right in watercolor: Washington/6.22.1918.,Match
42602815,Southern Magnolia (fruit),Magnolia grandiflora,24a,SAAM-1970.355.364_2,0.92810506,Southern Magnolia (Magnolia grandiflora),1923,lower left in watercolor: M. V. W/Wash'n/10.15.1923,Match
42602817,Trumpetleaf,Sarracenia flava,25,SAAM-1970.355.365_2,0.9214118,Trumpetleaf (Sarracenia flava),1920,lower right in watercolor: M. V. W./5.5.1920,Match
42602819,Redbud,Cercis canadensis,26,SAAM-1970.355.468_2,0.623351,Chickasaw Plum (Prunus angustifolia),1920,lower left in watercolor: M. V. W./4.23.1920.,Not Match
42602821,Tall Larkspur,Delphinium elongatum,27,SAAM-1970.355.367_2,0.9086839,Tall Larkspur (Delphinium elongatum),1920,"lower left in watercolor: M. V. W./Spruce Tree/Camp/Siffleur River/8.11.1920/16
back center in pencil: 2 (in a circle)",Match
42602823,Rhodora,Rhodora canadensis,28,SAAM-1970.355.591_1,0.64564216,Pinkshell Azalea (Azalea vaseyi),1925,lower left in watercolor: M. V. W./H (illegible).30.1925.,Not Match
42602825,Pickerelweed,Pontederia cordata,29,SAAM-1970.355.369_2,0.955052,Pickerelweed (Pontederia cordata),1919,lower right in watercolor: M. V. W./6.15.1919,Match
42602827,Creeping Hollygrape,Berberis repens,30,SAAM-1970.355.500_2,0.63287854,Western Mountain Ash (Sorbus sambucifolia),1918,lower right in watercolor: Vermilion Pass/9.15.1918.,Not Match
42602829,Red Chokeberry (flower),Aronia arbutifolia,31,SAAM-1970.355.371_2,0.8392986,Red Chokeberry (Aronia arbutifolia),ca. 1920s,back lower right in pencil: CH,Match
42602831,Red Chokeberry (fruit),Aronia arbutifolia,31a,SAAM-1970.355.372_3,0.92057574,Red Chokeberry (Aronia arbutifolia),1920,lower right in watercolor: M. V. W./11.1.1920,Match
42602833,Devilsclub,Echinopanax horridum,32,SAAM-1970.355.373_2,0.89273685,Devilsclub (Echinopanax horridum),1917,"lower left in watercolor: Burgess Pass/9.12.1917
lower right in watercolor: Helen",Match
42602835,Crested Iris,Iris cristata,33,SAAM-1970.355.374_2,0.950091,Crested Iris (Iris cristata),1918,lower right in watercolor: Plummersland/4.30.1918.,Match
42602837,Lily Twqyblade,Lipoaris liliifolia,34,SAAM-1970.355.375_2,0.92763615,Lily Twayblade (Liparis liliifolia),1920,lower left in watercolor: M. V. W./6.5.'20,Match
42602839,Missouri Pricklypear,Opuntia polyacantha,35,SAAM-1970.355.82_2,0.8373598,Walkingstick Cholla (Opuntia imbricata),1934,lower left in watercolor: MVW/Santa Fe/6.30.34,Not Match
42602841,Butterflyweed,Asclepias tuberosa,36,SAAM-1970.355.377_2,0.8745824,Butterfly Weed (Ascelpias tuberosa),1919,lower left in watercolor: M. V. W./6.21.1919.,Match
42602843,Skunkcabbage,Spathyema foetida,37,SAAM-1970.355.378_2,0.8932095,Skunk Cabbage (Spathyema foetida),1918,lower left in watercolor: Washington/3.23.1918,Match
42602845,Red-osier Dogwood,Cornus stolonifera,38,SAAM-1970.355.274_1,0.58451515,Pacific Dogwood (Cornus nuttallii),1933,,Not Match
42602847,Birdfsoot Violet,Viola pedata,39,SAAM-1970.355.380_2,0.94569576,Birdsfoot Violet (Viola pedata),1917,lower left in watercolor: Washington/4.25.1917.,Match
42602849,Virginia Spiderwort,Tradescantia virginiana,40,SAAM-1970.355.381_2,0.8499143,Virginia Spiderwort (Tradescantia virginiana),1920,lower left in watercolor: M. V. W./5.27.20,Match
42602851,Leatherflower,Clematis vinral,41,SAAM-1970.355.382_2,0.9340329,Leather Flower (Clematis viorna),1920,lower right in pencil: M. V. W./6 17. '20,Match
42602853,Purple Saxifrage,Saxifraga oppositifolia,42,SAAM-1970.355.383_2,0.8206436,Purple Saxifrage (Saxifraga oppositifolia),1924,lower right in watercolor: M. V. W./Baker Lake/7.31.1924  7,Match
42602855,Flame Azalea,Azalea lutea,43,SAAM-1970.355.384_2,0.9415215,Flame Azalea (Azalea lutea),1921,lower left in watercolor: M. V. W./4.30.1921,Match
42602857,Rabbitean,Cracca virgimiana,44,SAAM-1970.355.385_2,0.9379321,Rabbitbean (Cracca virginiana),1918,lower right in watercolor: Washington/5.28.1918,Match
42602859,Tuliptree,Liriodendron tulipifera,45,SAAM-1970.355.386_2,0.9479172,Tuliptree (Liriodendron tulipifera),1918,lower right in watercolor: Washington/5.26.1918,Match
42602861,Trumpet Honeysuckle,Lonicera sempervirens,46,SAAM-1970.355.43_2,0.5829443,California Fuschia (Zauschneria californica),1936,lower left in watercolor: Palo Alto/8-11-'36,Not Match
42602863,Red Buckeye,Aesculus pavia,47,SAAM-1970.355.387_2,0.96550745,Red Buckeye (Aesculus pavia),1918,lower right in pencil: Beaufort SC/3.11.1918,Match
42602865,Rose Paintbrush,Castilleja pallida,48,SAAM-1970.355.388_2,0.93522894,Rose Paintbrush (Castilleja pallida),1920,"lower left in watercolor: M. V. W./Clerwater Camp/8.30.1920/27
back center in pencil: 1 (in a circle)",Match
42602867,Shootingstar,Dodecatheon meadia,49,SAAM-1970.355.389_2,0.9082321,Shooting Star (Dodecatheon meadia),1919,"lower right in watercolor: M. V. W./5.7.1919
back lower center in pencil: 4 (in a circle)",Match
42602869,Prairie Penstemon,Penstemon erianthera,50,SAAM-1970.355.390_2,0.90334,Prairie Pentstemon (Pentstemon erianthera),1923,lower left in watercolor: M. V. W./Sinclair Canon/6.15.1923-/3,Match
42602871,Wild Sweet Crab,Malus coronaria,51,SAAM-1970.355.391_2,0.95293164,Wild Sweet Crab (Malus coronaria),1920,lower left in watercolor: M. V. W./1920 (barely legible),Match
42602873,Pitcherplant,Sarracenia purpurea,52,SAAM-1970.355.5_2,0.79614663,Hybrid Pitcherplant (Sarracenia rubra xs purpurea venosa),1920,lower left in watercolor: MVW/5.12.1920,Not Match
42602875,Prairie-smoke,Sieversia ciliata,53,SAAM-1970.355.393_2,0.89354813,Prairie-Smoke (Sieversia ciliata),1921,"lower left in watercolor: M. V. W./Hillsdale/7.11.21
lower right in watercolor: 4",Match
42602877,Winterberry,Ilex verticillata,54,SAAM-1970.355.394_2,0.9507414,Winterberry (Ilex verticillata),1920,"lower left in watercolor: M. V. W./1.15.1920
back lower right in pencil: Ilex decidua
back upper right in pencil: Ilex migra",Match
42602879,Sweet Azalea,Azalea arborescens,55,SAAM-1970.355.395_2,0.9433541,Sweet Azalea (Azalea arborescens),1921,lower left in watercolor: M. V. W./Washington/1921,Match
42602881,Krushea (flower),Krushea streptopoides,56,SAAM-1970.355.396_2,0.850569,Kruhsea (Kruhsea streptopoides),1913,"lower left in watercolor: Glacier/7.15.1913
back upper center in pencil: 2
",Match
42602883,Krushea (fruit),Krushea streptopoides,56a,SAAM-1970.355.397_2,0.8913183,Kruhsea (Kruhsea streptopoides),1922,lower left in watercolor: M. V. W. /Glacier/9.8.1922/17,Match
42602885,Arethusa,Arethusa bulbosa,57,SAAM-1970.355.398_2,0.917917,Arethusa (Arethusa bulbosa),1918,lower right in watercolor: Washington/5.25.1918.,Match
42602887,Pale Ladyslipper,Cypripedium acaule,58,SAAM-1970.355.399_2,0.9583148,Pale Lady's Slipper (Cypridedium acaule),1919,"lower right in watercolor: M. V. W./5.15.1919
back lower right in pencil: Cypridedium acaule",Match
42602889,Quaker-ladies,Houstonia caerulea,59,SAAM-1970.355.400_2,0.8498167,Quakerladies (Houstonia caerulea),1917,lower left in watercolor: Washington/4.24.1917,Match
42602891,Bearberry Honeysuckle,Lonicera involucrata,60,SAAM-1970.355.401_2,0.8395157,Bearberry Honeysuckle (Lonicera involucrata),1917,lower left in watercolor: Hector/7.22.1917,Match
42602893,Pink Fleabane,Erigeron caespitosus,61,SAAM-1970.355.402_2,0.8943224,Pink Fleabane (Erigeron caespitosus),1921,lower left in watercolor: M.V.W./Sascatchewan/8.28.1921./20,Match
42602895,Labrador-tea,Ledum groenlandicum,62,SAAM-1970.355.403_2,0.93357456,Labrador Tea (Ledum groenlandicum),1922,"lower left in watercolor: M. V. W./4.18.22
back lower center in pencil: Labrador-Tea",Match
42602897,Northern Bedstraw,Galium boreale,63,SAAM-1970.355.404_2,0.91594887,Northern Bedstraw (Galium boreale),1922,lower left in watercolor: M. V. W./Hillsdale/7.19.1922./4,Match
42602899,Bronzebells,Stenanthera occidentalis,64,SAAM-1970.355.405_2,0.90833145,Bronzebells (Stenanthium occidentale),1906,"lower right in watercolor: LakeLouise/7.30.1906.
back lower left in pencil: B-3",Match
42602901,Roundleaf Orchis,Orchis rotundifolia,65,SAAM-1970.355.406_2,0.6440835,Roundleaf Orchis (Orchis rotundifolia),1924,lower right in watercolor: M. V. W./7.14.1924/Emerald Lake 3,Not Match
42602903,Prickly Currant (flower),Ribes lacustre,66,SAAM-1970.355.407_2,0.9250675,Prickly Currant (Ribes lacustre),1917,"lower left in watercolor: Burgess Pass/7.27.1917
lower right in watercolor: Helen",Match
42602905,Prickly Currant (fruit),Ribes lacustre,67,SAAM-1970.355.408_2,0.9150919,Prickly Currant (Ribes lacustre),1919,lower left in watercolor: Glacier Lake/9.6.1919.,Match
42602907,Glaucialrly,Erythronium grandiflorum,68,SAAM-1970.355.409_2,0.8099357,Glacierlily (Erythronium grandiflorum),1899,"lower left in watercolor: M. M. V./Glacier/8/9 '99
lower right in watercolor: Mt. Avalanche",Not Match
42602909,Balsamroot,Balsamorhiza sagittata,69,SAAM-1970.355.410_2,0.929144,Balsamroot (Balsamorhiza sagittata),1923,lower left in watercolor: Sinclair Canon/6.10.1923/2.,Match
42602911,Silverberry (flower),Elaeagnus commutata,70,SAAM-1970.355.411_2,0.90388846,Silverberry (Elaeagnus commutata),1920,lower right in watercolor: M.V.W./Ghost River/7.16.1920,Match
42602913,Silverberry (fruit),Elaeagnus commutata,71,SAAM-1970.355.412_2,0.8425799,Silverberry (Elaeagnus commutata),1922,"lower right in watercolor: M. V. W./Kootenay Park/9.19.1922  22
back lower center in pencil: 1 (in a circle)",Match
42602915,Twinleaf,Jeffersonia diphylla,72,SAAM-1970.355.413_2,0.9047359,Twinleaf (Jeffersonia diphylla),1919,lower right in watercolor: 3.25.1919,Match
42602917,Ivory Baneberry,Actaea arguta,73,SAAM-1970.355.414_2,0.8351487,Ivory Baneberry (Actaea arguta),1922,lower left in watercolor: M V. W./Vermilion Camp/9.12.1922/19,Match
42602919,Pink Mountain-heather,Phyllodoce empetriformis,74,SAAM-1970.355.415_2,0.90725887,Pink Mountain Heather (Phyllodoce empetriformis),1924,lower left in watercolor: M. V. W./Burgess Pass/7.15.1924/4,Match
42602921,Rocky Mountain Cassiope,Cassiope mertensiana,75,SAAM-1970.355.416_3,0.78206646,Rocky Mountain Cassiope (Cassiope mertensiana),1924,"lower left in watercolor: M. V. W./Baker Lake/8.9.1924/10
back lower right in pencil: White Heather",Not Match
42602923,One-leaf-bog-orchid,Habenaria obtusata,76,SAAM-1970.355.417_2,0.90258247,One-Leaf-Bog-Orchid (Habenaria obtusata),1922,lower right in watercolor: M. V. W./Hillsdale/7.13.1922 3,Match
42602925,Bush Cinquefoil,Potentilla fruticosa,77,SAAM-1970.355.418_2,0.8966007,Bush Cinquefoil (Potentilla fruticosa),1917,"lower right in watercolor: Burgess Pass/9.9.17.
lower left in watercolor: Helen",Match
42667817,Douglas Honeysuckle (flower),Lonicera glaucescens,81,SAAM-1970.355.419_2,0.9027285,Douglas Honeysuckle (Lonicera glaucescens),1919,lower left in watercolor: Lake Minnewanka/7. 7.1919.,Match
42667819,Douglas Honeysuckle (fruit),Lonicera glaucescens,82,SAAM-1970.355.420_2,0.91972613,Douglas Honeysuckle (Lonicera glaucescens),1922,lower right in watercolor: M. V. W./Simpson Camp/9.15.1922/20,Match
42667821,Pink Twistedstalk,Streptopus curvipes,83,SAAM-1970.355.421_2,0.9652982,Pink Twisted Stalk (Streptopus curvipes),1913,lower left in pencil: Glasier (sic)/1913,Match
42667823,Clasping Twistedstalk,Streptopus amplexifolius,84,SAAM-1970.355.422_2,0.9572649,Clasping Twisted Stalk (Streptopus amplexifolius),1916,lower left in watercolor: Hector/9.5.1916,Match
42667825,White Pea,Lathyrus ochroleucus,85,SAAM-1970.355.423_2,0.91226554,White Pea (Lathyrus ochroleucus),1920,lower right in watercolor: M. V. W./Lake Minnewanka/7.22.1920/14,Match
42667827,Mountain Juniper,Juniperus sibirica,86,SAAM-1970.355.424_2,0.93459725,Mountain Juniper (Juniperus sibirica),1917,"lower right in watercolor: Vermilion Pass/9.15.1917.
back center in pencil: Juniperus sibirica
back lower right in pencil: 86 Vol 2",Match
42667829,Riverbank Gentian,Gentiana affinis,87,SAAM-1970.355.425_2,0.9223155,Riverbank Gentian (Gentiana affinis),1924,"lower left in watercolor: M. V. W./Scotch Camp/Red Deer River/9.3.1924/17
back lower left in pencil: MVW",Match
42667831,Grassleaf Agoseris,Agoseris graminifolia,88,SAAM-1970.355.426_2,0.8033022,Grassleaf Agoseris (Agoseris graminifolia),1905,"lower left in watercolor: Lake Louise/8.13.1905
back center in pencil: Agoseris",Not Match
42667833,Slender Agoseris,Agoseris gracilens,89,SAAM-1970.355.427_2,0.88931227,Slender Agoseris (Agoseris gracilens),1922,lower left in watercolor: M. V. W./Douglas Lake/8.22.'22 Camp/13,Match
42667835,Showy Milkweed,Asclepias speciosa,90,SAAM-1970.355.428_2,0.9225719,Showy Milkweed (Asclepias speciosa),1923,lower left in watercolor: M.V.W./Fairmount Hot Springs/7.10.1923/12,Match
42667837,Northern Ladyslipper,Cypripedium passerinum,91,SAAM-1970.355.429_2,0.91722256,Northern Lady's Slipper (Cypripedium passerinum),1916,lower left in watercolor: Banff/7.10.1916.,Match
42667839,Small Yellow Ladyslipper,Cypripedium parviflorum,92,SAAM-1970.355.430_2,0.9537039,Small Yellow Ladyslipper (Cypripedium parviflorum),1917,"lower right in watercolor: Washington/6.5.1917
back upper right in ink: 4",Match
42667841,Rayless Groundsel,Senecio spartioides,93,SAAM-1970.355.431_2,0.7151579,Rayless Groundsel (Senecio pauciflorus),1921,lower left in watercolor: M. V. W./Flower Camp/7.31.1921./7,Not Match
42667843,Sand Naked Springbeauty,Claytonia parviflora,94,SAAM-1970.355.432_2,0.889553,Naiad Spring Beauty (Claytonia parvifolia),1905,"lower left in watercolor: Glacier/7.25.1905.
back center in pencil: Claytonia parvifolia",Match
42667845,American Pasqueflower (flower),Pulsatilla ludoviciana,95,SAAM-1970.355.433_1,0.9343987,American Pasqueflower (Pulsatilla ludoviciana),1922,lower left in watercolor: M. V. W./6.30.1922,Match
42667847,American Pasqueflower (fruit),Pulsatilla ludoviciana,96,SAAM-1970.355.434_1,0.8670798,American Pasqueflower (Pulsatilla ludoviciana),1920,lower left in watercolor: M. V. W.Ghost River/7.12.1920/6,Match
42667849,Sweetvetch,Hedysarum mackenzii,97,SAAM-1970.355.435_2,0.9418452,Sweetvetch (Hedysarum mackenzii),1921,lower left in watercolor: M. V. W./Badger Pass Camp/11  8.4.1921,Match
42667851,Mistletoad,Ramorinoa officinalis,98,SAAM-1970.355.436_2,0.87541544,Mistmaiden (Romanzoffia sitchensis),1907,"lower right in watercolor: Lake Louise/7.29.1907
back upper right in ink: 11",Match
42667853,Columbian Clematis (flower),Clematis columbiana,99,SAAM-1970.355.437_2,0.9417231,Columbia Clematis (Clematis columbiana),ca. 1900-1925,lower left in watercolor: Field,Match
42667855,Columbian Clematis (fruit),Clematis columbiana,100,SAAM-1970.355.437_2,0.47371888,Columbia Clematis (Clematis columbiana),ca. 1900-1925,lower left in watercolor: Field,Not Match
42667857,Lodgepole Pine,Pinus contorta murrayana,101,SAAM-1970.355.439_2,0.9588542,Lodgepole Pine (Pinus Contorta murrayana),1921,"lower left in watercolor: M. V. W./Clearwater Camp/24 9.22.1921-
back lower right in pencil: #101, Vol. 2",Match
42667859,Lanceleaf Paintbrush,Castilleja lanatafolia,102,SAAM-1970.355.440_2,0.9183841,Giant Red Paintbrush (Castilleja miniata),1921,lower left in watercolor: M. V. W./Molar Creek Camp/8.19.1921./14,Match
42667861,White Thistle,Cirsium hookerianum,103,SAAM-1970.355.441_2,0.95245993,White Thistle (Cirsium hookeranum),n.d.,back lower right in pencil: #103,Match
42667863,Gray Pussytoes,Antennaria howellii,104,SAAM-1970.355.442_2,0.9128567,Gray Pussytoes (Antennaria howellii),1921,lower left in watercolor: M. V. W./Saskatchewan/8.26.1921/19,Match
42667865,Calypso,Cypripedium bulbosum (Linnaeus),105,SAAM-1970.355.443_2,0.9054048,Calypso (Cytherea bulbosa),1916,lower left in watercolor: Glacier Park/6.16.16,Match
42667867,Rock Willow,Salix petrophila,106,SAAM-1970.355.444_2,0.84291375,Rock Willow (Salix petrophila),1917,lower left in watercolor: Burgess Pass/8.15.1917,Match
42667869,Sweet Androsace,Androsace carinata,107,SAAM-1970.355.445_2,0.884097,Sweet Androsace (Androsace carinata),1916,lower left in watercolor: Ptarmigan Valley/8.14.1916,Match
42667871,Bluegreen Gentian,Gentiana glauca,108,SAAM-1970.355.446_2,0.8589145,Bluegreen Gentian (Gentiana glauca),1916,lower left in watercolor: Ptarmigan Valley/8.18.1916,Match
42667873,Rocky Mountain Twayblade,Ophrys nephrophylla,109,SAAM-1970.355.447_2,0.8824494,Rocky Mountain Twayblade (Ophrys necrophylla),1919,lower left in watercolor: Yoho Lake/8.5.1919.,Match
42667875,Spotted Saxifrage,Saxifraga bronchialis,110,SAAM-1970.355.448_2,0.9047889,Spotted Saxifrage (Saxifraga bronchialis),1903,"lower left in watercolor: Moraine Lake/8.20.'03.
back lower right in pencil: Saxifraga bronchialis",Match
42667877,Bearberry (flower),Arctostaphylos uva-ursi (Linnaeus),111,SAAM-1970.355.449_2,0.82603294,Bearberry (Arctostaphylos uva-ursi),1916,lower left in watercolor: Mt. Assiniboine/7.28-1916,Match
42667879,Bearberry (fruit),Arctostaphylos uva-ursi (Linnaeus),112,SAAM-1970.355.450_2,0.9458686,Bearberry (Arctostaphylos uva-ursi),1916,lower left in watercolor: Banff/9.25.1916.,Match
42667881,Green Pyrola,Pyrola chlorantha,113,SAAM-1970.355.451_2,0.8561741,Green Pyrola (Pyrola chlorantha),1920,lower right in watercolor: M. V. W./Spruce Tree Camp/Siffleur River/8.6.1920,Match
42667883,Avalanche Buttercup,Ranunculus adscendens,114,SAAM-1970.355.452_2,0.9016205,Avalanche Buttercup (Ranunculus suksdorfii),1919,lower left in watercolor: M. V. W./Burgess Pass/7.17.1919.,Match
42667885,Canada Buffaloberry,Lepargyra canadensis (Linnaeus),115,SAAM-1970.355.453_2,0.954075,Canada Buffaloberry (Lepargyrea canadensis),1916,lower left in watercolor: Hector/9.2.1916.,Match
42667887,Deathcamas,Zigadenus elegans,116,SAAM-1970.355.454_2,0.87048745,Deathcamas (Zygadenus elegans),1917,"lower left in watercolor: Burgess Pass/8.12.1917
lower right in watercolor: Helen",Match
42667889,Saskatoon,Amelanchier alnifolia,117,SAAM-1970.355.455_2,0.9300208,Saskatoon (Amelanchier alnifolia),1923,"lower left in watercolor: M. V. W./Dry Creek Camp/22  8.18.1923-
backing mat verso lower left in pencil: Vol.II/117/SASKATOON
back lower right in pencil: #117",Match
42667891,Prairie Aster,Aster campestris,118,SAAM-1970.355.456_2,0.90303576,Prairie Aster (Aster campestris),1923,"lower left in watercolor: M. V. W./Dry Creek Camp./23. 8.19.1923-
back lower right in pencil: #118",Match
42667893,Owl-clover,Orthocarpus tenuifolius,119,SAAM-1970.355.457_2,0.9230178,Owl-clover (Orthocarpus tenuifolius),1923,lower left in watercolor: M. V. W./Kootenay Bridge/16  8.21.1923.,Match
42667895,Showy Oxytrope,Oxytropis splendens,120,SAAM-1970.355.458_2,0.88204366,Showy Oxytrope (Oxytropis splendens),1922,lower left in watercolor: M. V. W./Hillsdale/5  7.15.1922.,Match
42667897,Alpine Fornocel,Pedicularis contorta,121,SAAM-1970.355.459_2,0.9015249,Alpine Fernlife (Pedicularis contorta),1907,lower right in watercolor: Lake Louise/7.30.1907,Match
42667899,Pussy Willow,Salix discolor,122,SAAM-1970.355.460_2,0.9244121,Pussy Willow (Salix discolor),1920,lower left in watercolor: M. V. W./3.27.1920.,Match
42667901,Bloodroot,Sanguinaria canadensis,123,SAAM-1970.355.461_3,0.87012887,Bloodroot (Sanguinaria canadensis),1917,"lower left in watercolor: M. V. W./4.21.1917
back lower right in pencil: VoL. 2 #123",Match
42667903,Pyxie,Pyxidanthera barbulata,124,SAAM-1970.355.462_2,0.7819091,Pyxie (Pyxidanthera barbulata),1919,"lower left in watercolor: 4.15.1919.
back lower right in pencil: Pyxidanthera barbulata",Not Match
42667905,Hepatica,Hepatica americana,125,SAAM-1970.355.463_2,0.91844404,Hepatica (Hepatica americana),1917,lower left in watercolor: M. V. W./1917,Match
42667907,Trailing-arbutus,Epigaea repens,126,SAAM-1970.355.464_2,0.7816816,Trailing Arbutus (Epigaea repens),1917,lower left in watercolor: Washinton (sic)/4.14.1917.,Not Match
42667909,Canada Wildginger,Asarum canadense,127,SAAM-1970.355.465_2,0.95208514,Canada Wild Ginger (Asarum canadense),1920,"lower left in watercolor: M. V. W./5.4.1920.
back upper center in pencil: 127",Match
42667911,Pinksherbroom,Azalea nudiflora,128,SAAM-1970.355.466_2,0.9493277,Pinxter Bloom (Azalea nudiflora),1918,"lower right in watercolor: Washington./5.8.1918.
back lower right in pencil: #129 vol 2",Match
42667913,Wild Calla,Calla palustris,129,SAAM-1970.355.467_2,0.908512,Wild Calla (Calla palustris),1919,"lower right in watercolor: M. V. W./Chapleau/6.27.1919.
back upper right in pencil: 129/Vol. 2",Match
42667915,Chickasaw Plum,Prunus angustifolia,130,SAAM-1970.355.468_2,0.88575476,Chickasaw Plum (Prunus angustifolia),1920,lower left in watercolor: M. V. W./4.23.1920.,Match
42667917,Grass-pink Orchid,Limodorum tuberosum,131,SAAM-1970.355.469_1,0.923856,Grass-pink Orchid (Limodorum tuberosum),n.d.,,Match
42667919,Deerberry,Polycodium stamineum (Linnaeus),132,SAAM-1970.355.470_2,0.90851223,Deerberry (Polycodium stamineum),1922,"lower left in watercolor: M. V. W./10  5.17.1922. 
back lower right in pencil: #132",Match
42667921,Bog Kalmia,Kalmia polifolia,133,SAAM-1970.355.471_2,0.8959177,Bog Kalmia (Kalmia polifolia),1922,"lower left in watercolor: M. V. W./4.10.1922/2
back lower right in pencil: 1970.355.471",Match
42667923,Painted Trillium,Trillium undulatum,134,SAAM-1970.355.472_2,0.8972541,Painted Trillium (Trillium undulatum),1924,"lower right in watercolor: M. V. W./5.17.'24
lower left in watercolor: 7
back lower right in pencil: 1970.355.472",Match
42667925,Fringed Polygala,Polygala paucifolia,135,SAAM-1970.355.473_2,0.7808331,Fringed Polygala (Polygala paucifolia),1920,"lower left in watercolor: M. V. W./5.16.1920. 
back lower right in pencil: Polygala paucifolia/1970.355.473",Not Match
42667927,Squirrelcorn,Bicuculla canadensis,136,SAAM-1970.355.474_2,0.9195357,Squirrel Corn (Bikukulla canadensis),1920,"lower right in watercolor: M. V. W./5.4.1920
back lower right in pencil: Squirrel corn/Bikukulla/canadensis",Match
42667929,Red Maple,Acer rubrum,137,SAAM-1970.355.475_2,0.94525605,Red Maple (Acer rubrum),1920,lower right in watercolor: M. V. W./Spring Lake/4.1.1920-,Match
42667931,Carolina Maple,Acer carolinianum,138,SAAM-1970.355.476_2,0.9339026,Carolina Maple (Acer carolinianum),1923,"lower left in watercolor: M. V. W./Beaufort/3.15.1923 
back lower right in pencil: #138",Match
42667933,Longleaf Pine,Pinus palustris,139,SAAM-1970.355.477_2,0.96538734,Longleaf Pine (Pinus palustris),1929,"lower right in watercolor: M. V. W./Beaufort S.C./R D '2 (illegible)
back in pencil: 139",Match
42667935,Fringetree,Chionanthus virginicus,140,SAAM-1970.355.478_2,0.92225826,Fringe Tree (Chionanthus virginica),1922,lower left in watercolor: M. V. W./Washington/1922.,Match
42667937,American Columbine,Aquilegia canadensis,141,SAAM-1970.355.479_2,0.9405073,American Columbine (Aquilegia canadensis),1919,"lower right in watercolor: Washington/4.23.1919
back lower center in pencil: Aquilegia canadensis #141",Match
42667939,Southern Coast Violet,Viola septemloba,142,SAAM-1970.355.480_2,0.84052193,Southern Coast Violet (Viola septemloba),1919,"lower right in watercolor: 3.31.1919.
back lower left in pencil: Viola septemloba",Match
42667941,Mayapple,Podophyllum peltatum,143,SAAM-1970.355.481_2,0.9547879,Mayapple (Podphyllum paltatum),1922,lower left in watercolor: M. V. W./6  5.4.1922.,Match
42667943,Wood Merybells,Uvularia perfoliata,144,SAAM-1970.355.482_2,0.9488727,Wood Merrybells (Uvularia perfoliata),n.d.,,Match
42667945,Goldenstar,Chrysogonum virginianum,145,SAAM-1970.355.483_2,0.9111461,Golden Star (Chrysogonum virginianum),1922,lower left in watercolor: M. V. W./5.14.1922/9,Match
42667947,Highbush Blackberry,Rubus argutus,146,SAAM-1970.355.484_2,0.8250998,Highbush Blackberry (Rubus argutus),1919,"lower right corner in watercolor: M. V. W./5.26.1919.
back lower left in pencil: Rubus argutus",Match
42667949,Cowposion,Chamaecrista nictitans,147,SAAM-1970.355.485_2,0.9004928,Crowpoison (Chrosperma muscaetoxicum),1921,"lower right in watercolor: M. V. W./1921
lower left in watercolor: Wash'n",Match
42667951,Canada Lily,Lilium canadense,148,SAAM-1970.355.486_2,0.9673989,Canada Lily (Lilium canadense),1878,lower center in watercolor: (illegible) M. V./7.13.1878.,Match
42667953,American Wisteria,Kraunhia frutescens,149,SAAM-1970.355.487_2,0.93659616,American Wisteria (Kraunhia frutescens),1925,lower left in watercolor: M. V. W./Beaufort-4.17.1925-,Match
42667955,Curly Clematis,Clematis crispa,150,SAAM-1970.355.488_2,0.89878386,Curly Clematis (Clematis crispa),1925,"lower left in watercolor: M. V. W./Beaufort/4.10.25 
back lower right: 150",Match
42667957,Western Yarrow,Achillea lanulosa,151,SAAM-1970.355.489_2,0.9253359,Western Yarrow (Achillea lanulosa),1922,lower left in watercolor: M. V. W./Red Deer Camp/12  8.16.1922.,Match
42667959,Tampa Epidendrum,Epidendrum tampense,152,SAAM-1970.355.490_2,0.93442667,Tampa Epidendrum (Epidendrum tampense),1919,lower left in watercolor: M. V. W./6.21 1919.,Match
42667961,Tillandsia,Tillandsia fasciculata,153,SAAM-1970.355.491_2,0.9369386,Wild Pineapple (Tillandsia fasciculata),1921,"lower left in watercolor: M. V. W./5.26.1921.
back lower right in pencil: #153/#153",Match
42667963,Spiderlily,Hymenocallis rotata,154,SAAM-1970.355.492_2,0.87624735,Spider Lily (Hymenocallis rotata),1919,lower right in watercolor: M. V. W/10.23.1919.,Match
42667965,Lloyds Strawberry-cactus,Echinocereus lloydii,155,SAAM-1970.355.493_2,0.9303141,Lloyd's Strawberry Cactus (Echinocereus lloydii),1925,"lower left in watercolor: M. V. W./4.22.1925 
back lower right in pencil: Lloyd's Strawberry Cactus/#155",Match
42667967,Ghostpipe,Thaleia uniflora,156,SAAM-1970.355.494_2,0.7934884,Ghostpipe (Thalesia uniflora),1920,lower right in watercolor: M. V. W./5.29:20,Not Match
42667969,Pale Pinesap,Hypopitys americana,157,SAAM-1970.355.495_2,0.81849396,Pale Pinesap (Hypopitys americana),1918,lower left in watercolor: Washington/6.16.1918.,Match
42667971,Arum Arrowhead,Sagittaria cuneata,158,SAAM-1970.355.496_2,0.91350865,Arum Arrowhead (Sagittaria cuneata),1923,lower left in watercolor: M. V. W./24.8.21.1923,Match
42667973,Spatterdock,Nymphaea advena,159,SAAM-1970.355.312_1,0.54218084,Dutchman's Pipe,1934,lower right in watercolor: M. V. W./Gatlinburg/6.15 '34,Not Match
42667975,Pineland Aster,Aster squarrosus,160,SAAM-1970.355.498_2,0.90936947,Pineland Aster (Aster squarrosus),1922,lower left in watercolor: M. V. W./11.4.1922.,Match
42669167,Showy Orchis,Orchis spectabilis,241,SAAM-1970.355.579_1,0.90623295,Showy Orchis (Orchis spectabilis),1926,lower left in watercolor: M. V. W./Washington/5.13.'26,Match
42669169,Rosebud Orchid,Pogonia divaricata,242,SAAM-1970.355.580_1,0.909534,Rosebud Orchid (Pogonia divaricata),1926,lower left in watercolor: M. V. W./5.19.1926.,Match
42669171,Large Purple Fringe-orchid,Habenaria grandiflora,243,SAAM-1970.355.581_2,0.9011375,Large Purple Fringe-Orchid (Habenaria grandiflora),1926,lower left in watercolor: M. V. W./S. W. Harbor/4.17.1926.,Match
42669173,Franklinia,Franklinia alatamaha,244,SAAM-1970.355.670_2,0.57190895,Virginia Stewartia (Stewartia malachodendron),1925,"lower left in watercolor: M. V. W./5.8.1925
back lower center in pencil: 333/Stuartia",Not Match
42669175,Blue Phlox,Phlox divaricata,245,SAAM-1970.355.583_1,0.8780562,Blue Phlox (Phlox divaricata),1917,"lower left in watercolor: Great Falls/5.19.1917
back lower right in pencil: 245
",Match
42669177,Blue-eyed-mary,Collinsia verna,246,SAAM-1970.355.584_1,0.9134159,Blue-Eyed Mary (Collinsia verna),1927,lower left in watercolor: M. V. W./Washington/12  5.3.'27,Match
42669179,Dutchmans-breeches,Bicuculla cucullaria,247,SAAM-1970.355.585_1,0.949062,Dutchman's Breetches (Bikukulla cucullaria),1925,"lower right in watercolor: M. V. W./1925
back lower right in pencil: 5",Match
42669181,Peatpink,Silene caroliniana,248,SAAM-1970.355.586_1,0.9144206,Peatpink (Silene caroliniana),1917,"lower left in watercolor: Great Falls/5.20.1917.
back lower right in pencil: I",Match
42669183,Cut Toothwort,Dentaria laciniata,249,SAAM-1970.355.587_1,0.88174564,Cut Toothwort (Dentaria laciniata),1918,lower right in watercolor: Washington/4.15.1918.,Match
42669185,Sweet Pitcherplant,Sarracenia rubra,250,SAAM-1970.355.588_1,0.82236266,Sweet Pitcherplant (Sarracenia rubra),1920,lower left in watercolor: M. V. W./5.29.1920.(underlined),Match
42669187,Hooded Pitcherplant,Sarracenia minor,251,SAAM-1970.355.589_2,0.9284074,Hooded Pitcherplant (Sarracenia minor),1925,"lower left in watercolor: M. V. W./5.11.1925.
back upper left in pencil: Hooded Pitcherplant/surracenia (sic) minor/Beaufort S. C.",Match
42669189,Bowmanstroot,Porteranthus trifoliatus,252,SAAM-1970.355.590_1,0.88303787,Bowmansroot (Porteranthus trifoliatus),1919,lower right in watercolor: M. V. W./6.9.1919.,Match
42669191,Pinkshell Azalea,Azalea vaseyi,253,SAAM-1970.355.591_1,0.91628635,Pinkshell Azalea (Azalea vaseyi),1925,lower left in watercolor: M. V. W./H (illegible).30.1925.,Match
42669193,Rosebay Rhododendron,Rhododendron maximum,254,SAAM-1970.355.592_2,0.9345075,Rosebay Rhododendron (Rhododendron maximum),1926,lower left in watercolor: M. V. W./7.5.1926,Match
42669195,Atamasco-lily,Atamosco atamasco,255,SAAM-1970.355.593_2,0.9366949,Atamasco-Lily (Atamosco atamasco),1925,lower left in watercolor: M. V. W./Beaufort S. C./4.6.25,Match
42669197,Turkscap Lily,Lilium superbum,256,SAAM-1970.355.409_2,0.6722806,Glacierlily (Erythronium grandiflorum),1899,"lower left in watercolor: M. M. V./Glacier/8/9 '99
lower right in watercolor: Mt. Avalanche",Not Match
42669199,Orange Polygala,Polygala lutea,257,SAAM-1970.355.595_1,0.9078001,Orange Polygala (Polygala lutea),1926,lower left in watercolor: M. V. W./6.6.1926,Match
42669201,Red-helmet,Pedicularis bracteosa,258,SAAM-1970.355.596_1,0.924554,Red-Helmet (Pedicularis bracteosa),1924,"lower right in watercolor: M. V. W./Baker Lake/8.2.1924  8
upper left in pencil: 258",Match
42669203,Turtledock,Colocasia globra,259,SAAM-1970.355.597_1,0.95293283,Turtlehead (Chelone glabra),1926,"lower left in watercolor: M. V. W./Mt Desert/8.24.'26
back center in pencil: 2",Match
42669205,Scarlet Elder,Sambucus pubens,260,SAAM-1970.355.598_1,0.9364722,Scarlet Elder (Sambucus pubens),1922,lower left in watercolor: M. V. W./Glacier/15  9.6.1922,Match
42669207,Crossvine,Anisostichus capreolatus,261,SAAM-1970.355.599_2,0.9640817,Crossvine (Anisostichus capreolatus),1925,upper left in watercolor: M. V. W. 4.10.1925/Beaufort,Match
42669209,Indianpipe,Monotropa uniflora,262,SAAM-1970.355.600_2,0.850402,Indian Pipe (Monotropa uniflora),1926,lower left in watercolor: M. V. W./S. W. Harbor/8.13.1926.,Match
42669211,Cardinalflower,Lobelia cardinalis,263,SAAM-1970.355.748_2,0.64681435,(Untitled--Flower Study),1876,center in watercolor: MMV/Newport/9.25.1876,Not Match
42669213,Zenobia,Zenobia cassinifolia (Ventenant),264,SAAM-1970.355.602_2,0.88885343,Zenobia (Zenobia cassinifolia),1927,"lower left in watercolor: M. V. W./6.10.1927 
back lower right in pencil: 1",Match
42669215,American Mistletoe,Phoradendron flavescens (Pursch),265,SAAM-1970.355.603_2,0.8657106,American Mistletoe (Phoradendron flavescens),1923,"lower right in watercolor: M. V. W./1.2.1923 
lower left in watercolor: 1 
back lower right in pencil: 1",Match
42669217,American Holly,Ilex opaca,266,SAAM-1970.355.564_2,0.5928001,Yaupon (Ilex vomitoria),1926,lower left in watercolor: M. V. W/Beaufort/2  3.16.1926.,Not Match
42669219,Mountain Hemlock,Tsuga mertensiana (Bongard),267,SAAM-1970.355.605_2,0.9656998,Mountain Hemlock (Tsuga mertensiana),1923,lower right in watercolor: M. V. W./Glacier/9.8.1923  .30,Match
42669221,Western Hemlock,Tsuga heterophylla (Rafinesque),268,SAAM-1970.355.606_1,0.946205,Western Hemlock (Tsuga heterophylla),1923,"lower left in watercolor: M. V. W./Glacier House/31  9.1.1923.
lower right: 268 (written upside-down)",Match
42669223,Western Larch,Larix occidentalis,269,SAAM-1970.355.607_2,0.9650438,Western Larch (Larix occidentalis),1923,lower right in watercolor: M. V. W./Horse Thief Canon 21/8.12.1923-,Match
42669225,Douglas-fir,Pseudotsuga menziesii (Rafinesque),270,SAAM-1970.355.608_1,0.96332455,Douglas Fir (Pseudotsuga mucronata),1923,"lower left in watercolor: M. V. W./Golden/28  9.3.1923.
upper left in pencil: 270",Match
42669227,Bunchberry (flower),Cornus canadensis,271,SAAM-1970.355.609_1,0.8910898,Bunchberry (Cornus canadensis),1902,"lower right in watercolor: Lake Louise/1902
lower right in pencil: 3",Match
42669229,Bunchberry (fruit),Cornus canadensis,272,SAAM-1970.355.610_1,0.89664,Bunchberry (Cornus canadensis),1916,lower left in watercolor: Hector/9.8.1916,Match
42669231,Woodnymph,Moneses uniflora (Linnaeus),273,SAAM-1970.355.611_1,0.90419346,Wood Nymph (Moneses uniflora),1925,"lower left in watercolor: M. V. W./Baker Lake/7-1925.
back lower right in pencil: 4",Match
42669233,Alberta Primrose,Primula mistassinica,274,SAAM-1970.355.612_1,0.8814024,Alberta Primrose (Primula maccalliana),1917,"lower left in watercolor: Hector/7.12.1917.
back lower left in pencil: 2",Match
42669235,Mourning Groundsel,Senecio lugens,275,SAAM-1970.355.613_1,0.9498058,Mourning Groundsel (Senecio lugens),1921,lower left in watercolor: M. V. W./Upper Pipestone/15  8.21.1921.,Match
42669237,Slender Shootingstar,Dodecatheon pauciflorum (Durand),276,SAAM-1970.355.614_1,0.7940601,Slender Shootingstar (Dodecatheon pauciflorum),1909,lower left in watercolor: Lake Louise/7.1909,Not Match
42669239,Snow Willow,Salix nivalis,277,SAAM-1970.355.615_1,0.83499444,Snow Willow (Salix nivalis),1918,lower left in watercolor: Bour Lake/8.15.1918.,Match
42669241,Gray Phacelia,Phacelia sericea (Graham),278,SAAM-1970.355.616_1,0.9042895,Gray Phacelia (Phacelia sericea),1911,lower left in watercolor: Glacier/8.7.1911,Match
42669243,Nodding Campion,Lychnis apetala,279,SAAM-1970.355.617_1,0.82639,Nodding Campion (Lychnis apetala),1905,"lower left in watercolor: McArthur's Lake/7.26.1905.
back center in pencil: Sychnis affinis",Match
42669245,Golden Fleabane,Erigeron aureus,280,SAAM-1970.355.133_2,0.8578781,Golden Fleabane (Erigeron aureus),1904,lower left in watercolor: Saddle Back/Lake Louise 8.27.1904,Match
42669247,Golden Sedge,Carex aurea,281,SAAM-1970.355.618_1,0.9399246,Golden Sedge (Carex aurea),1921,lower left in watercolor: M. V. W./Siffleur Valley/18  8.25.1921,Match
42669249,Alpine Pointvetch (flower),Oxytropis podocarpa,282,SAAM-1970.355.619_1,0.8112344,Alpine Pointvetch (Oxytropis podocarpa),1916,"lower left in watercolor: Wonder Pass/Mt Assiniboine/7.25.1916
back center in pencil: Physostegia (all rock garden stuff",Match
42669251,Alpine Pointvetch (fruit),Oxytropis podocarpa,283,SAAM-1970.355.620_1,0.78637064,Alpine Pointvetch (Oxytropis podocarpa),1918,lower right in watercolor: Bow Lake/8.16.1918,Not Match
42669253,Rocky Mountain Kalmia,Kalmia microphylla (Hooker),284,SAAM-1970.355.621_1,0.8922539,Rocky Mountain Kalmia (Kalmia microphylla),n.d.,"lower left in watercolor: Avalance Crest
upper right in pencil: TOP(barely legible)/284
back center in pencil: Kalmia Glauca",Match
42669255,Sidebells Pyrola,Pyrola secunda,285,SAAM-1970.355.622_1,0.9381518,Sidebells Pyrola (Pyrola secunda),1916,"lower left in watercolor: Paradise Valley/8.18.1916.
upper right in pencil: top 285  (barely legible)",Match
42669257,Pink Pussytoes,Antennaria rosea var.,286,SAAM-1970.355.623_1,0.9333502,Pink Pussytoes (Antennaria rosea),1916,lower left in watercolor: Lake Agnes/8.22.1916.,Match
42669259,Elkship,Caltha leptosepala De Candolle,287,SAAM-1970.355.624_1,0.94910944,Elkslip (Caltha leptosepala),1916,lower right in watercolor: Mt. Assiniboine/7.24.1916.,Match
42669261,Rock Wormwood,Artemisia discolor,288,SAAM-1970.355.625_1,0.9149265,Rock Wormwood (Artemisia discolor),1917,lower left in watercolor: Burgess Pass/8.16.1917.,Match
42669263,Pearl Everlasting,Anaphalis margaritacea (Linnaeus),289,SAAM-1970.355.626_1,0.9285334,Pearl Everlasting (Anaphalis margaritacea),1917,lower left in watercolor: Moose Creek/9.26.1917,Match
42669265,Alaska Fleabane,Erigeron salsuginosus (Richardson),290,SAAM-1970.355.627_1,0.9041207,Alaska Fleabane (Erigeron salsuginosus),1925,lower left in watercolor: M. V. W./Tilted Mtn Camp./11  7.22.1925,Match
42669267,Globe Anemone,Anemone globosa,291,SAAM-1970.355.628_1,0.93692356,Globe Anemone (Anemone globosa),1917,lower left in watercolor: Mt. Massive/7.11.1917.,Match
42669269,Shortspur Columbine,Aquilegia brevistyla,292,SAAM-1970.355.629_1,0.9429953,Shortspur Columbine (Aquilegia brevistyla),1907,"lower right in watercolor: M. V. W.
lower left in pencil: (illegible)/1907(barely legible)",Match
42669271,Red Dewberry,Rubus pedatus,293,SAAM-1970.355.630_1,0.9247983,Red Dewberry (Rubus pedatus),1918,lower left in watercolor: Evelyn Glacier/9.10.1918.,Match
42669273,Ladder Gentian,Gentiana acuta,294,SAAM-1970.355.631_1,0.8818538,Ladder Gentian (Gentiana acuta),1916,lower left in watercolor: Hector/8.25.1916.,Match
42669275,Alpine Milkvetch,Astragalus alpinus,295,SAAM-1970.355.632_1,0.9504622,Alpine Milkvetch (Astragalus alpinus),1921,"lower right in watercolor: M. V. W./Badger Camp/8.19.1921
lower left in watercolor: 8",Match
42669277,Grayleaf Fivefinger,Potentilla glaucophylla,296,SAAM-1970.355.633_1,0.9244245,Grayleaf Fivefinger (Potentilla glaucophylla),1905,"lower left in watercolor: Lake O'Hara/8.15.1905.
back center in pencil: potentilla",Match
42669279,Goldenpea,Thermopsis rhombifolia,297,SAAM-1970.355.634_2,0.92614806,Goldenpea (Thermopsis rhombifolia),1923,lower left in watercolor: M. V. W./Medicine Hat/1 6.3.1923.,Match
42669281,Western Menziesia,Menziesia glabella,298,SAAM-1970.355.635_1,0.9195575,Western Menziesia (Menziesia glabella),1924,lower left in watercolor: M. V. W./Volto/6  7.19.1924,Match
42669283,Giant Trillium,Trillium chloropetalum,299,SAAM-1970.355.636_2,0.946136,Giant Trillium (Trillium chloropetalum),1921,lower left in watercolor: M. V. W./Boston/5.6.1921.,Match
42669285,Yellow Willow-weed,Epilobium luteum,300,SAAM-1970.355.637_1,0.87422484,Yellow Willow-Weed (Epilobium lutem),1906,lower right in watercolor: Glacier/7.1906,Match
42669287,Fireweed,Epilobium angustifolium,301,SAAM-1970.355.638_2,0.90293497,Fireweed (Epilobium angustifolium),1922,lower left in watercolor: M. V. W./Red Deer Camp/11  8.12.1922.,Match
42669289,Beargrass,Xerophyllum tenax,302,SAAM-1970.355.639_2,0.9315363,Beargrass (Xerophyllum tenax),1924,lower left in watercolor: M. V. W./Reynier Park/6.29.1924.,Match
42669291,Pink Centaurium,Centaurium venustum,303,SAAM-1970.355.640_1,0.8884213,Pink Centaurium (Centaurium venustum),1925,lower left in watercolor: M. V. W./Torrey Pines/6.28.1925,Match
42669293,Nodding Onion,Allium cernuum,304,SAAM-1970.355.641_1,0.9136377,Nodding Onion (Allium cernuum),1901,"lower right in watercolor: 8. 12. 1901.
lower left in watercolor: Camp Sodalite/Ice River Valley",Match
42669295,Rocky Mountain Rhododendron,Rhododendron albiflorum,305,SAAM-1970.355.642_1,0.94236434,Rocky Mountain Rhododendron (Rhododendron albiflorum),1901,"lower left in watercolor: Glacier/1901
back lower center in pencil: Rhododendron albiflorum",Match
42669297,Forest Anemone,Anemone deltoidea,306,SAAM-1970.355.643_1,0.95313,Forest Anemone (Anemone deltoidea),1925,lower left in watercolor: M. V. W./Reynier Park/6.25.1925.,Match
42669299,Western Cranesbill,Geranium erianthum,307,SAAM-1970.355.644_2,0.91624147,Western Cranesbill (Geranium viscosissimum),1925,lower left in watercolor: M. V. W./Tilted Mtn Camp./7.28.1925.,Match
42669301,Green Strawberry-cactus,Echinocereus viridiflorus,308,SAAM-1970.355.645_1,0.92825866,Green Strawberry Cactus (Echinocereus viridiflorus),1925,lower left in watercolor: M. V. W./5.5.1925.,Match
42669303,Prairie Thistle,Cirsium undulatum,309,SAAM-1970.355.646_1,0.9668245,Prairie Thistle (Cirsium undulatum),1923,lower left in watercolor: M. V. W/Sinclair Cañon/11  7.5.(illegible)23.,Match
42669305,Lilac Mariposa,Calochortus splendens,310,SAAM-1970.355.647_1,0.92647195,Lilac Mariposa (Calochortus splendens),1926,lower left in watercolor: M. V. W./Los Angeles/4.25.1926.,Match
42669307,Orange-eye Globemallow,Sphaeralcea davidsonii,311,SAAM-1970.355.648_1,0.9038013,Orange-Eye Globemallow (Sphaeralcea davidsonii),1926,lower left in watercolor: M. V. W./Santa Anna Ranch/4.25-1926.,Match
42669309,Tassel Cottonsedge,Eriophorum angustifolium,312,SAAM-1970.355.649_2,0.8768831,Tassel Cottongrass (Eriophorum angustifolium),1920,lower left in watercolor: M. V. W./Pipestone Pass/8.20.1920./23,Match
42669311,Western Monkeyflower,Mimulus guttatus,313,SAAM-1970.355.711_1,0.69132143,Lewis Monkey Flower (Mimulus lewisii),1899,"lower right in watercolor: Glacier Trail/8/13 '99
lower right in pencil: 374 (barely legible)",Not Match
42669313,Goldenbowl Mariposa,Calochortus clavatus,314,SAAM-1970.355.651_2,0.9018731,Goldenbowl Mariposa (Calochortus claratus),1926,lower left in watercolor: M. V. W./5.21.'26,Match
42669315,Red Monkeyflower,Diplacus puniceus,315,SAAM-1970.355.652_1,0.8726522,Red Monkeyflower (Diplaucus puniceus),1920,lower left in watercolor: M. V. W./San Diego/3  4.14.20,Match
42669317,Columbia Lily,Lilium columbianum,316,SAAM-1970.355.653_1,0.88551635,Columbia Lily (Lilium columbianum),1925,lower left in watercolor: M. V. W./Regnier Park/6.29.1925,Match
42669319,Cranberrybush,Viburnum edule,317,SAAM-1970.355.654_2,0.9333824,Cranberrybush (Viburnum pauciflorum),1923,"lower right in watercolor: M. V. W./Vermilion Camp/8.25.1923.
lower left in watercolor: 26",Match
42669321,Ruff Gentian,Gentiana calycosa,318,SAAM-1970.355.327_2,0.7693494,Gentian (Gentiana affinis),1915,lower left in watercolor: Apollinaris Spring/8-29-1915-,Not Match
42669323,Menzies Penstemon,Penstemon menziesii,319,SAAM-1970.355.656_1,0.9290635,Menzies Pentstemon (Pentstemon menziesii),1925,"lower left in watercolor: M. V. W./Reynier Park/6.27.1925.
lower right in pencil: 319 (barely legible)",Match
42669325,Purple Prairiaclover,Petalostemon purpureum,320,SAAM-1970.355.657_1,0.9500403,Purple Prairieclover (Petalostemon purpureum),1927,lower left in watercolor: M. V. W./Glacier Park/8.18.1927.,Match
42669447,Flowering Dogwood (flower),Cornus florida,321,SAAM-1970.355.658_1,0.93793523,Flowering Dogwood (Cornus florida),1919,"lower right in watercolor: M. V. W./Washington/4.30.1919
lower right in pencil: 321",Match
42669449,Flowering Dogwood (fruit),Cornus florida,322,SAAM-1970.355.659_2,0.9274193,Flowering Dogwood (Cornus florida),1926,lower left in watercolor: M. V. W./Washington/11.1.1926,Match
42669451,Witch-hazel,Hamamelis virginiana,323,SAAM-1970.355.660_2,0.9158721,Witch Hazel (Hamamelis virginiana),1922,lower left in watercolor: M. V. W./11.23.1922.,Match
42669453,Maypop,Passiflora incarnata,324,SAAM-1970.355.661_2,0.93125105,Maypop (Passiflora incarnata),1926,lower left in watercolor: M. V. W./7.10.1926,Match
42669455,Sweetbay,Magnolia virginiana,325,SAAM-1970.355.662_2,0.9141412,Sweetbay (Magnolia virginiana),1927,lower left in watercolor: M. V. W./6.8.1927,Match
42669457,Lambkill,Kalmia angustifolia,326,SAAM-1970.355.663_1,0.9106624,Lambkill (Kalmia angustifolia),1918,lower left in watercolor: Washington/5.16.1918.,Match
42669459,Pink Ladyslipper,Cypripedium acaule,327,SAAM-1970.355.430_2,0.86349785,Small Yellow Ladyslipper (Cypripedium parviflorum),1917,"lower right in watercolor: Washington/6.5.1917
back upper right in ink: 4",Match
42669461,Papaw,Asimina triloba,328,SAAM-1970.355.665_1,0.86293554,Papaw (Asimina triloba),1918,lower right in watercolor: Plummer's Island/5.1.1918.,Match
42669463,Drummond Pitcherplant,Sarracenia drummondii,329,SAAM-1970.355.666_2,0.92112243,Drummond Pitcherplant (Sarracenia drummondii),1921,lower right in watercolor: M. V. W./4.19.'21,Match
42669465,Yellow Cucumbertree,Magnolia cordata,330,SAAM-1970.355.667_1,0.86539555,Yellow Cucumbertree (Magnolia cordata),1922,"lower left in watercolor: M. V. W./4.29.1922/4
back lower center in pencil: top (written  upside down)",Match
42669467,Jack-in-the-pulpit,Arisaema triphyllum,331,SAAM-1970.355.668_1,0.95066375,Jack-in-the-pulpit (Arisaema triphyllum),1917,lower left in watercolor: Washington/1917,Match
42669469,Blueflag Iris,Iris versicolor,332,SAAM-1970.355.669_2,0.9543276,Blueflag Iris (Iris versicolor),1919,"lower left in watercolor: M. V. W./Washington/5.28.1919.
back center in pencil: 332 (in a circle)",Match
42669471,Virginia Stewartia,Stewartia malacodendron,333,SAAM-1970.355.670_2,0.9273746,Virginia Stewartia (Stewartia malachodendron),1925,"lower left in watercolor: M. V. W./5.8.1925
back lower center in pencil: 333/Stuartia",Match
42669473,Wax Trillium,Trillium albidum,334,SAAM-1970.355.671_1,0.9621917,Wax Trillium (Trillium album),1921,"lower left in watercolor: M. V. W./5.8.1921
back lower center in pencil: 334",Match
42669475,Loblolly Pine,Pinus taeda,335,SAAM-1970.355.672_2,0.9396043,Loblolly Pine (Pinus taeda),1918,"lower right in watercolor: Beaufort S. C./3.13.1918.
back lower right in pencil: 335 (underlined)",Match
42669477,Fringed Gentian,Gentiana crinita,336,SAAM-1970.355.673_2,0.94679844,Fringed Gentian (Gentiana crinita),1905,"lower right in watercolor: Mount Kisco 9/24 05
back center in pencil: 336 (in a circle)",Match
42669479,White Epidenrum,Epiderdrum nocturnum,337,SAAM-1970.355.674_2,0.8901029,White Epidendrum (Epidendrum nocturnum),1919,"lower left in watercolor: M. V. W./12.1919.
back lower center in pencil: epidendrum nocturnum",Match
42669481,Bluebead,Clintonia borealis,338,SAAM-1970.355.675_1,0.9443733,Blue Bead (Clintonia borealis),1924,"lower right in watercolor: M. V. W./5.5.1924
lower left in watercolor: 2
back upper left: 338 (upside down and underlined)",Match
42669483,Yellow Troutlily,Erythronium americanum,339,SAAM-1970.355.409_2,0.8331679,Glacierlily (Erythronium grandiflorum),1899,"lower left in watercolor: M. M. V./Glacier/8/9 '99
lower right in watercolor: Mt. Avalanche",Match
42669485,Yellow Fringedorchid,Habenaria ciliaris,340,SAAM-1970.355.677_1,0.85268486,Yellow Fringe Orchid (Habenaria ciliaris),1926,lower left in watercolor: M. V. W./Saugatuck/9.1.1926,Match
42669487,Whiteflowering Raspberry,Rubus parviflorus,341,SAAM-1970.355.678_1,0.9391595,White Flowering Raspberry (Rubus parviflorus),1905,lower left in watercolor: Glacier/7.29.1905,Match
42669489,Saltmarsh Roserigentia,Sabatia stellaris,342,SAAM-1970.355.679_2,0.931007,Saltmarsh Rosegentian (Sabbatia stellaris),1926,"lower left in watercolor: M. V. W./Spring Lake/10.8.1926.
back center in pencil: #342 (in a circle)",Match
42669491,Fringed Parnassia,Parnassia fimbriata,343,SAAM-1970.355.680_1,0.87079775,Fringed Parnassia (Parnassia fimbriata),1905,lower left in watercolor: Lake O'hara/8.15.1905.,Match
42669493,Bourgeau Rose (flower),Rosa bourgeauiana,344,SAAM-1970.355.681_1,0.91684484,Bourgeau Rose (Rosa bourgeauiana),1920,"lower right in watercolor: M.V.W./Lake Minewanka/7.19.1920  11
back lower center in pencil: 344",Match
42669495,Bourgeau Rose (fruit),Rosa bourgeauiana,345,SAAM-1970.355.682_2,0.9309236,Bourgeau Rose (Rosa bourgeauiana),1923,lower left in watercolor: M. V. W./Radium Hot Springs/27  8.29.1923-,Match
42669497,Purple Penstemon,Penstemon lyallii,346,SAAM-1970.355.683_2,0.9285364,Purple Pentstemon (Pentstemon lyallii),1923,lower left in watercolor: M. V. W./Sinclair Canon/5  6.17.1923.,Match
42669499,Canada Violet,Viola canadensis,347,SAAM-1970.355.684_1,0.88715786,Canada Violet (Viola canadensis),1903,"lower left in watercolor: Lake Louise/8.22.1903
lower right in pencil: 347 (barely legible)
back lower center in pencil: viola canadensis",Match
42669501,Woolly Arnica,Arnica tomentosa,348,SAAM-1970.355.685_1,0.9214475,Woolly Arnica (Arnica tomentosa),1920,lower right in watercolor: M. V. W./Siffleur River/Spruce Tree Camp./8.13.1920.  17,Match
42669503,Strawberry-blite,Chenopodium capitatum,349,SAAM-1970.355.686_1,0.8649311,Strawberry-Blite (Chenopodium capitatum),1918,lower right in watercolor: Bow Valley/7.19.1918,Match
42669505,Western Rattlesnakeplantain,Peramium decipiens,350,SAAM-1970.355.687_1,0.8712309,Western Rattlesnake Plantain (Peranium decipiens),1905,"lower left in watercolor: Deutchman's Cave/8.1.1905 Trilv.
back center in pencil: Yoodyeara menziesii",Match
42669507,Bur-forget-me-not,Lappula diffusa,351,SAAM-1970.355.688_1,0.92171514,Bur-forget-me-not (Lappula diffusa),1903,"lower left in watercolor: Lake Louise/8.17.1903.
back lower center in pencil: (illegible)",Match
42669509,Alpine Forget-me-not,Myosotis alpestris,352,SAAM-1970.355.689_1,0.87333024,Alpine Forget-me-not (Myosotis alpestris),1924,lower left in watercolor: M. V. W./Baker Lake/7  8.4.1924.,Match
42669511,White Globeflower,Trollius albiflorus,353,SAAM-1970.355.690_1,0.92501414,White Globeflower (Trollius albiflorus),1899,"lower left in watercolor: Near Asulkan Shack/8/12  '99
back center pencil: trollius laxa",Match
42669513,Perennial Gaillardia,Gaillardia aristata,354,SAAM-1970.355.691_2,0.9370264,Perennial Gaillardia (Gaillardia aristata),1904,"lower left in watercolor: Field/8.9.1904
lower right in pencil: 354 (barely legible)
back center in pencil: Gaillardia aristata",Match
42669515,Partridgeberry,Arctous alpina,355,SAAM-1970.355.692_1,0.92805696,Ptarmiganberry (Arctous alpina),1922,lower left in watercolor: M. V. W./Red Deer Camp/14  9.1.1922.,Match
42669517,Hooded Ladies-tresses,Ibidium striatum,356,SAAM-1970.355.693_1,0.9178216,Hooded Ladies-Tresses (Ibidium strictum),1918,"lower right in watercolor: Head Saskathewan/8.5.1918.
back lower right in pencil: 3",Match
42669519,Yellow Penstemon,Penstemon confertus,357,SAAM-1970.355.694_2,0.8926147,Yellow Pentstemon (Pentstemon confertus),1904,"lower left in watercolor: Beaverfoot
lower right in watercolor: 8.17.1904
back center: pentstemon confertus",Match
42669521,Camas,Quamasia quamash,358,SAAM-1970.355.695_1,0.9348012,Camas (Quamasia quamash),1916,lower left in watercolor: Glacier Park/6.17.'16,Match
42669523,Moss Forget-me-not,Eritrichium elongatum var. ochroleucum,359,SAAM-1970.355.696_2,0.76441735,Moss Forget-me-not (Eritichum elongatum),1915,lower left in watercolor: Apollinaris Spring/7.25.1915,Not Match
42669525,Western Pipeszva,Chimaphila umbellata var. occidentalis,360,SAAM-1970.355.697_2,0.93531704,Western Pipsissewa (Chimaphila umbellata),1902,"lower left in watercolor: Emerald Lake/9.1902
back lower center in pencil: Chimphila Menziesii/(illegible) C. umbellata",Match
42669527,Red Comandra,Comandra livida,361,SAAM-1970.355.698_2,0.92785454,Red Comandra (Comandra livida),1919,lower left in watercolor: M. V. W./Glacier Lake/9.7.1919.,Match
42669529,Pale Strawberry,Fragaria glauca,362,SAAM-1970.355.699_2,0.9249851,Pale Strawberry (Fragaria glauca),1917,"lower left in watercolor: Burgess Pass/8.6.1917.
back upper left in pencil: 362",Match
42669531,Redstem Saxifrage,Saxifraga lyallii,363,SAAM-1970.355.700_2,0.9163178,Redstem Saxifrage (Saxifraga lyallii),1916,"lower left in watercolor: Paradise Valley/8.21.1916
lower right in pencil: 363 (barely legible)
back lower right in pencil: 2",Match
42669533,Yellow Dryad (flower),Dryas drummondii,364,SAAM-1970.355.701_2,0.9005598,Yellow Dryad (Dryas drummondii),1904,"lower left in watercolor: Ice River Valley/Camp Goodsir
lower right in watercolor: 8.15.'04
lower right in pencil: 364 (barely legible)
back center in pencil: dryas drummondii",Match
42669535,Yellow Dryad (fruit),Dryas drummondii,365,SAAM-1970.355.702_2,0.86981636,Yellow Dryad (fruit) (Dryas drummondii),1920,"lower left in watercolor: M. V. W./Spruce Tree Camp/Siffleur River/21 8.16.1920.
lower right in pencil: 365",Match
42669537,Heliotrope Valerian,Valeriana sitchensis,366,SAAM-1970.355.703_2,0.84385383,Heliotrope Valerian (Valeriana sitchensis),1917,lower left in watercolor: Burgess Pass/9.2.1917.,Match
42669539,Moss Campion,Silene acaulis,367,SAAM-1970.355.704_2,0.7807968,Moss Campion (Silene acaulis),1924,"lower left in watercolor: M. V. W./Wild Flower Camp/14  8.20.1924.
back lower right in pencil: 6",Not Match
42669541,Alpine Harebell,Campanula lasiocarpa,368,SAAM-1970.355.705_2,0.78734726,Alpine Harebell (Campanula lasiocarpa),n.d.,back lower right in pencil: 5,Not Match
42669543,Harebell,Campanula rotundifolia,369,SAAM-1970.355.706_2,0.93672454,Harebell (Campanula rotundifolia),1916,lower left in watercolor: Hector/9.4.1916.,Match
42669545,Red Willowweed,Epilobium latifolium,370,SAAM-1970.355.707_1,0.8885922,Red Willowweed (Epilobium latifolium),1911,"lower left in watercolor: Glacier/8.17.1911
lower right in pencil: 370",Match
42669547,Northern Anemone,Anemone parviflora,371,SAAM-1970.355.708_1,0.8909427,Northern Anemone (Anemone parviflora),1924,"lower left in watercolor: M. V. W./Wild Flower Camp/13  8.18.1924
back lower right: (illegible)",Match
42669549,Alberta Paintbrush,Castilleja miniata,372,SAAM-1970.355.709_1,0.95745814,Alberta Paintbrush (Catilleja miniata),1920,"lower left in watercolor: M. V. W./Clearwater Camp/8.27.1920./25
lower right in pencil: 372",Match
42669551,Elephanthead,Pedicularis groenlandica,373,SAAM-1970.355.710_1,0.9254699,Elephanthead (Pedicularis groenlandica),1916,lower left in watercolor: Ptarmigan Valley/8.11.1916,Match
42669553,Lewis Monkeyflower,Mimulus lewisii,374,SAAM-1970.355.711_1,0.93272436,Lewis Monkey Flower (Mimulus lewisii),1899,"lower right in watercolor: Glacier Trail/8/13 '99
lower right in pencil: 374 (barely legible)",Match
42669555,Alpine Monkeyflower,Mimulus caespitosus,375,SAAM-1970.355.712_1,0.83008385,Alpine Monkey Flower (Mimulus caespitosus),1904,"lower left in watercolor: Glacier/1904
back center in pencil: mimulus luteus/van alpinus-",Match
42669557,Aleutian Fleabane,Erigeron unalaschkensis,376,SAAM-1970.355.713_1,0.93097174,Aleutian Fleabane (Erigeron unalaschensis),n.d.,lower right in pencil: 376,Match
42669559,Whitebark Pine,Pinus albicaulis,377,SAAM-1970.355.714_1,0.96474147,Whitebark Pine (Pinus albicaulis),1924,lower left in watercolor: M. V. W./5 Voko Camp/7.20.1924,Match
42669561,Engelmann Spruce,Picea engelmannii,378,SAAM-1970.355.715_1,0.9693042,Engelmann Spruce (Picea engelmanni),1920,lower left in watercolor: M. V. W./9.1.1920./29,Match
42669563,Creeping Juniper,Juniperus horizontalis,379,SAAM-1970.355.716_1,0.9061309,Creeping Juniper (Juniperus horizontalis),1918,lower right in watercolor: Saskatchewan River/8.11.1918.,Match
42669565,Drummond Willow,Salix drummondiana,380,SAAM-1970.355.717_1,0.96546715,Drummond Willow (Salix drummondiana),1921,lower left in watercolor: M. V. W./Sheep Creek/9.18.1921./23-,Match
42669567,Lyall Larch,Larix lyallii,381,SAAM-1970.355.718_1,0.88983047,Lyall Larch (Larix lyallii),1913,lower right in watercolor: Alpine Club/McArthur Lake/7.23.1913-,Match
42669569,Crowberry,Empetrum nigrum,382,SAAM-1970.355.719_1,0.936501,Crowberry (Empetrum nigrum),1917,lower left in watercolor: Vermilion Pass/10.1.1917.,Match
42669571,Siberian Onion,Allium sibiricum,383,SAAM-1970.355.720_1,0.9200952,Siberian Onion (Allium sibericum),1903,lower right in watercolor: Lake Louise/1903.,Match
42669573,Slim Larkspur,Delphinium depauperatum,384,SAAM-1970.355.721_1,0.88501394,Slim Larkspur (Delphinium depauperatum),1924,lower left in watercolor: M. V. W./Wild Flower Camp/12.  8.14.1924,Match
42669575,Arrowleaf Groundsel,Senecia triangularis,385,SAAM-1970.355.722_1,0.8652079,Arrowleaf Groundsel (Senecia triangularis),1916,lower right in watercolor: Evelyn Glacier/9.8.1916.,Match
42669577,Wright Penstemon,Penstemon wrightii,386,SAAM-1970.355.723_2,0.9226786,Parry's  Penstemon (Penstemon parryi),1927,lower left in watercolor: M. V. W./Tucson/1  3.15.1927-,Match
42669579,White Dawnrose,Pachylophus marginatus,387,SAAM-1970.355.724_1,0.8957733,White Dawnrose (Pachyloplus marginatus),n.d.,lower left in watercolor: 7,Match
42669581,Evening-primrose,Pachylophus bistii,388,SAAM-1970.355.725_1,0.9148919,Evening Primrose (Pachyoplus hirsutus),1927,lower left in watercolor: M V W 3.29 '27/9 Roosevelt Dam,Match
42669583,Clusterlily,Hookera paviflora,389,SAAM-1970.355.726_2,0.9027003,Wild Hyacinth (Brodiaea pulchella),1927,lower left in watercolor: M. V. W./2 Tucson,Match
42669585,California Pitcherplant,Chrysamphora californica,390,SAAM-1970.355.727_2,0.8860371,California Pitcherplant (Chrysamphora californica),1924,"lower left in watercolor: M. V. W./4.23.1924./11
upper left in pencil: 390",Match
42669587,Scarlet Mariposa,Calochortus kennedyi,391,SAAM-1970.355.728_1,0.8800262,Scarlet Mariposa (Calochortus kennedyi),1926,lower left in watercolor: M. V. W./5.21.1926.,Match
42669589,Bushpoppy,Dendromecon rigida,392,SAAM-1970.355.729_2,0.9021526,Bushpoppy (Dendromecon rigidum),1927,lower left in watercolor: M. V. W./Tucson/4  3.24.1927,Match
42669591,Mexican Poppy,Eschscholzia mexicali,393,SAAM-1970.355.730_1,0.9301983,Mexican Poppy (Eschscholtzia mexicana),1927,lower left in watercolor: M. V. W. Tucson/3  2/21 '27,Match
42669593,Fire Penstemon,Penstemon eatonii,394,SAAM-1970.355.731_1,0.90344703,Fire Pentstemon (Pentstemon eatonii),1927,lower left in watercolor: M. V. W./Tucson/5  3.25.1927,Match
42669595,Cardinal Monkeyflower,Mimulus cardinalis,395,SAAM-1970.355.732_1,0.92909336,Cardinal Monkey Flower (Mimulus cardinalis),1927,lower right in watercolor: M. V. W./4.7.1927./Grand Canyon  10,Match
42669597,Ocotillo,Fouquieria splendens,396,SAAM-1970.355.733_1,0.84457713,Ocotillo (Fouquieria splendens),1927,lower left in watercolor: M. V. W./4.2.1927./8,Match
42669599,Yucca,Yucca baileyi,397,SAAM-1970.355.734_1,0.9473846,Yucca (Yucca baileyi),1928,lower right in watercolor: M. V. W./6.18.1928,Match
42669601,Scarlet Globe-mallow,Sphaeralcea grossulariifolia,398,SAAM-1970.355.735_2,0.90635586,Scarlet Globe Mallow (Sphaeralcea grossulariaefolia),1927,lower left in watercolor: M. V. W./Tucson/6  4.1.'27,Match
42669603,Quill-leaf Tillandsia,Tillandsia fasciculata,399,SAAM-1970.355.736_1,0.94575363,Quill-Leaf Tillandsia (Tillandsia fasciculata),1929,lower left in watercolor: M. V. W../4.4.1929.,Match
42669605,Catesby Pitcherplant,Sarracenia catesbaei,400,SAAM-1970.355.737_1,0.9483656,Catesby Pitcherplant (Sarracenia catesaei),1929,lower left in watercolor: M. V. W./4.10.1929,Match
42669711,Bottle Gentian,Gentiana saponaria,161,SAAM-1970.355.499_2,0.96302295,Bottle Gentian (Gentiana saponaria),1924,lower left in watercolor: M. V. W./Washington/10.29.1924.,Match
42669713,Western Mountain-ash,Sorbus sambucifolia,162,SAAM-1970.355.500_2,0.92829263,Western Mountain Ash (Sorbus sambucifolia),1918,lower right in watercolor: Vermilion Pass/9.15.1918.,Match
42669715,Plume Anemone (flower),Pulsatilla occidentalis,163,SAAM-1970.355.501_2,0.9015045,Plume Anemone (Pulsatilla occidentalis),1917,lower left in watercolor: Lake OHara/7.18.1917.,Match
42669717,Plume Anemone (fruit),Pulsatilla occidentalis,164,SAAM-1970.355.502_2,0.8576852,Plume Anemone (Pulsatilla occidentalis),1923,lower left in watercolor: M. V. W./Lake of Hanging/19.8.3.1923 Glaciers,Match
42669719,Meadow Fleabane,Erigeron speciosus,165,SAAM-1970.355.503_2,0.9384332,Meadow Fleabane (Erigeron speciosus),1920,lower right in watercolor: M. V. W./Ghost river/7.16.1920/10,Match
42669721,Star Solomonplume,Vagnera stellata,166,SAAM-1970.355.504_2,0.92514575,Star Solomonplume (Vagnera stellata),1921,lower left in watercolor: M. V. W./Hillsdale/3  7.1.1921.,Match
42669723,Double Bladderpod (flower),Physaria didymocarpa,167,SAAM-1970.355.505_2,0.92675334,Double Bladderpod (Physaria didymocarpa),1920,"lower left in watercolor: M. V. W./7.4.1920./2
lower right in watercolor: Lake Minnewonka
back in pencil: 28",Match
42669725,Double Bladderpod (fruit),Physaria didymocarpa,168,SAAM-1970.355.506_2,0.88374627,Double Bladderpod (Physaria didymocarpa),1920,lower left in watercolor: M. V. W./Pipestone Pass/8.18.1920./22,Match
42669727,Grouse Whortleberry (flower),Vaccinium scoparium,169,SAAM-1970.355.507_2,0.8336692,Grouse Whortleberry (Vaccinum scoparium),1916,lower right in watercolor: Mt. Assinibaine (sic) /7.27.1916,Match
42669729,Grouse Whortleberry (fruit),Vaccinium scoparium,170,SAAM-1970.355.508_1,0.94999295,Grouse Whortleberry (Vaccinium scoparium),1918,lower right in watercolor: Vermilion Pass/9.15.1918,Match
42669731,Buff Pussytoes,Antennaria luzuloides,171,SAAM-1970.355.509_2,0.9286412,Buff Pussytoes (Antennaria luzuloides),1917,lower left in watercolor: Burgess Pass/7.26.1917,Match
42669733,Small Pyrola,Pyrola minor,172,SAAM-1970.355.510_2,0.88043493,Small Pyrola (Pyrola minor),1922,lower left in watercolor: M. V. W./Pipestone/8  7.29.1922.,Match
42669735,Western Bluebells,Mertensia paniculata,173,SAAM-1970.355.511_2,0.92737377,Western Bluebells (Mertensia paniculata),1920,lower left in watercolor: M. V. W./Ghost River/3  7.9.1920.,Match
42669737,Green Bearcabbage,Veratrum viride,174,SAAM-1970.355.512_2,0.94005775,Green Bear Cabbage (Veratrum viride),1918,lower right in watercolor: Bow Lake/7.24.1918.,Match
42669739,Sagebrush Mariposa,Calochortus macrocarpus,175,SAAM-1970.355.87_2,0.60558736,Sego Lily (Calochortus nuttallii),1933,lower left in watercolor: MVW/Grand Canyon/6.25.33,Not Match
42669741,White Dryad (flower),Dryas octopetala,176,SAAM-1970.355.514_1,0.8593053,White Dryad (Dryas octopetala),1925,lower left in watercolor: M. V. W./Skoki Camp./15  8.2.1925.,Match
42669743,White Dryad (fruit),Dryas octopetala,177,SAAM-1970.355.515_1,0.94032645,White Dryad (Dryas octopetala),1920,lower left in watercolor: M. V. W./Clearwater Camp/8.28.1920/26,Match
42669745,Moss Gentian,Gentiana prostrata,178,SAAM-1970.355.516_2,0.7517863,Moss Gentian (Gentiana prostrata),1916,lower left in watercolor: Mt Assiniboine/7.28.1916.,Not Match
42669747,Low Whortleberry,Vaccinium caespitosum,179,SAAM-1970.355.517_2,0.71027064,Low Whortleberry (Vaccinium caespitosum),1918,lower right in watercolor: Bow Lake/7.25.1918,Not Match
42669749,Small Cranberry,Oxycoccus palustris,180,SAAM-1970.355.518_2,0.8061113,Small Cranberry (Oxycoccus palustris),1911,lower left in watercolor: Lake Louise/7.22.1911,Not Match
42669751,Purple Mountain Violet,Viola adunca,181,SAAM-1970.355.519_2,0.8984469,Purple Mountain Violet (Viola adunca),1918,lower left in watercolor: Bow Lake/7.21.1918,Match
42669753,Purple Mountain Violet,Viola adunca,181,SAAM-1970.355.519_2,0.8855598,Purple Mountain Violet (Viola adunca),1918,lower left in watercolor: Bow Lake/7.21.1918,Match
42669755,Rosette Cinquefoil,Potentilla nivea,182,SAAM-1970.355.452_2,0.50795734,Avalanche Buttercup (Ranunculus suksdorfii),1919,lower left in watercolor: M. V. W./Burgess Pass/7.17.1919.,Not Match
42669757,Sidesaddle Goldenrod,Solidago elliota Greene,183,SAAM-1970.355.521_1,0.9300971,Sidesaddle Goldenrod,1917,lower left in watercolor: Burgess Pass/9.8.1917.,Match
42669759,Tufted Saxifrage,Saxifraga caespitosa Linnaeus,184,SAAM-1970.355.522_1,0.864329,Tufted Saxifrage (Saxifraga caespitosa),1921,"lower left in watercolor: M. V. W./Badger Camp/8.8.1921.
back lower left in pencil: 10",Match
42669761,Pygmy Androsace,Androsace subumbellata (A. Nelson) Small,185,SAAM-1970.355.523_2,0.86361325,Pygmy Androsace (Androsace subumbellata),1921,lower left in watercolor: M. V. W./Badger Camp/12.8.9.1921.,Match
42669763,Western Green Alder,Alnus sinuata (Regel) Rydb.,186,SAAM-1970.355.524_2,0.9185089,Western Green Alder (Alnus sinuata),1922,lower right in watercolor: M. V. W./Glacier/9.9.1922/18,Match
42669765,Giant Arborvitae,Thuja plicata Don,187,SAAM-1970.355.525_2,0.9417803,Giant Arborvitae (Thuja plicata),1923,"lower right in watercolor: M. V. W./Golden/9.5.1923.29
back lower right in pencil: 187",Match
42669767,Limber Pine,Pinus flexilis James,188,SAAM-1970.355.526_2,0.9484547,Limber Pine (Pinus flexilis),1920,lower right in watercolor: M. V. W./Lake Minnewanka/7.20.1920/12,Match
42669769,Northern Butterbur,Petasites hyperboreus Rydb.,189,SAAM-1970.355.527_2,0.90255094,Northern Butterbur (Petasites hyperboreus),1916,lower left in watercolor: Simpson Pass/8.3.1916.,Match
42669771,American Vetch,Vicia americana Muhlenberg,190,SAAM-1970.355.528_2,0.9186708,American Vetch (Vicia americana),1922,lower left in watercolor: M. V. W./Hillsdale/6  7.15.1922,Match
42669773,Saussurea,Saussurea detonsa (Hooker) Rydb.,191,SAAM-1970.355.529_2,0.9230521,Saussurea (Saussurea densa),1925,lower left in watercolor: M. V. W./Tilted Mtn. Camp./7.29.1925.,Match
42669775,Brook Lobelia,Lobelia kalmii Linnaeus,192,SAAM-1970.355.530_2,0.87444735,Brook Lobelia (Lobelia kalmii),1923,lower left in watercolor: M. V. W./Canal Flats/13.  7.14.1923.,Match
42669777,Mountain Cranberry (flower),Vaccinium vitisidaea minus Loddiges,193,SAAM-1970.355.531_2,0.7502062,Mountain Cranberry (Vaccinium vitisidaea minus),1907,lower right in watercolor: Lake Louise/7.22.1907,Not Match
42669779,Mountain Cranberry (fruit),Vaccinium vitisidaea minus Loddiges,194,SAAM-1970.355.532_2,0.9420882,Mountain Cranberry (Vaccinium vitisdaea minus),1916,lower left in watercolor: Red Earth Creek/9.12.1916.,Match
42669781,Woolly Agoseris,Agoseris villosa Rydb.,195,SAAM-1970.355.533_2,0.9265716,Woolly Agoseris (Agoseris villosa),1919,"lower left corner in watercolor: Glacier Lake/8.24.1919.
back lower left in pencil: 23",Match
42669783,American Twinflower,Linnaea borealis americana (Forbes) Rehder,196,SAAM-1970.355.534_2,0.92530113,American Twinflower (Linnaea borealis americana),1902,lower right in watercolor: Lake Louise/1902,Match
42669785,Sand Phacelia,Phacelia linariifolia (Pursh) Holzinger,197,SAAM-1970.355.535_2,0.85085344,Sand Phacelia (Phacelia linearis),1923,lower left in watercolor: M. V. W./Sinclair Canon/4.6.16.1923.,Match
42669787,Northern Butterwort,Pinguicula vulgaris Linnaeus,198,SAAM-1970.355.536_2,0.9365556,Northern Butterwort (Pinguicula vulgaris),1903,lower right in watercolor: Lake Louise/1903,Match
42669789,San Diego Mariposa,Calochortus weedii Wood,199,SAAM-1970.355.537_2,0.8735117,San Diego Mariposa (Calochortus weedii),1925,lower left in watercolor: M. V. W./San Diego 6.26.'25.,Match
42669791,Buff Monkeyflower,Diplacus longiflorus Nuttall,200,SAAM-1970.355.538_2,0.91927075,Buff Monkeyflower (Diplacus longiflorus),1926,lower left in watercolor: M. V. W./Los Angeles/4.21.26,Match
42669793,Lemon Columbine,Aquilegia flavenscens Watson,201,SAAM-1970.355.539_2,0.93296796,Lemon Columbine (Aquilegia flavescens),1925,lower right in watercolor: M. V. W./Plarmigan Camp./7.17.1925.,Match
42669795,Avalanche-lily,Erythronium montanum Watson,202,SAAM-1970.355.540_2,0.9019624,Avalanche Lily (Erythronium montanum),1925,"lower left in watercolor: M. V. W./Reynier Park. 6.27.1925.
back lower center: avalanche lily",Match
42669797,Queencup (flower),Clintonia uniflora (Menzies) Kunth,203,SAAM-1970.355.541_2,0.91665274,Queencup (Clintonia uniflora),1924,lower left in watercolor: M. V. W./Burgess Pass/2  7.12.1924,Match
42669799,Queencup (fruit),Clintonia uniflora (Menzies) Kunth,204,SAAM-1970.355.542_1,0.899809,Queencup (Clintonia uniflora),1922,lower left in watercolor: M. V. W./Glacier/16  9.7.1922,Match
42669801,Catalina Mariposa,Calochortus catalinae Watson,205,SAAM-1970.355.87_2,0.7340423,Sego Lily (Calochortus nuttallii),1933,lower left in watercolor: MVW/Grand Canyon/6.25.33,Not Match
42669803,Mexican Fremontia,Fremontodendron mexicanum Davidson,206,SAAM-1970.355.544_2,0.914109,Mexican Fremontia (Fremontodendron mexicanum),1926,lower right in watercolor: M. V. W./Los Angeles/4.30.1926.,Match
42669805,Partridgeberry,Mitchella repens Linnaeus,207,SAAM-1970.355.545_2,0.8446296,Partridgeberry (Mitchella repens),1925,"lower left in watercolor: M. V. W./Beaufort. S.C. 4.9.25
back center in pencil: 1 (in a circle)",Match
42669807,Marshmarigold,Caltha palustris Linnaeus,208,SAAM-1970.355.546_2,0.9375094,Marsh Marigold (Caltha palustris),1924,"lower right in watercolor: M. V. W./5.13.1924
lower left in watercolor: 6
back center in pencil: 1",Match
42669809,Foxglove Penstemon,Penstemon digitalis (Sweet) Nuttall,209,SAAM-1970.355.547_2,0.8648587,Foxglove Pentstemon (Pentstemon digitalis),1919,"lower left in watercolor: M. V. W./6.11.1919.
back upper left in pencil: 209",Match
42669811,Beautyberry,Callicarpa americana Linnaeus,210,SAAM-1970.355.548_2,0.9049166,Beauty Berry (Callicarpa americana),1923,"lower right in watercolor: M. V. W./1.8.1923
lower left in watercolor: 3",Match
42669813,Field Violet,Viola rafinesquii Greene,211,SAAM-1970.355.549_2,0.8318207,Field Violet (Viola rafinesquii),1919,"lower left in watercolor: M. V. W./Washington/4.25.1919
back center in pencil: 1 (in a circle)
back lower right in pencil: viola rafinesquii",Match
42669815,Spotted Cyttropedium,Cyttropedium punctatum (Linnaeus) Lindley,212,SAAM-1970.355.550_1,0.90766585,Spotted Cyrtopodium (Cyrtopodium punctatum),1920,"lower left in watercolor: M. V. W./5.14.1920. (underlined)
back lower center in pencil: Cyrtopodium punctatum)",Match
42669817,Red Pinesap,Hypopitys lanuginosa,213,SAAM-1970.355.551_1,0.90393186,Red Pinesap (Hypopitys lanuginosa),1920,"lower left in watercolor: M. V. W./10.18.1920.
back upper left in pencil: 214",Match
42669819,Squawroot,Conopholis americana,214,SAAM-1970.355.552_1,0.91605365,Bear Corn (Conopholis americana),1919,"lower left in watercolor: M. V. W./5.20.1919
back lower left in pencil: Conopholis americanum",Match
42669821,Ragged Fringe-orchid,Habenaria lacera,215,SAAM-1970.355.553_1,0.89454,Ragged Fringe-orchid (Habenaria lacera),1918,lower right in watercolor: Washington/6.25.1918.,Match
42669823,Ramshead Ladyslipper,Cypripedium arietinum,216,SAAM-1970.355.554_1,0.90962166,Ramshead Lady's Slipper (Cypripedium arietinum),1924,"lower left in watercolor: M. V. W/5.9.1924
lower right in watercolor: 4",Match
42669825,Showy Ladyslipper,Cypripedium reginae,217,SAAM-1970.355.555_2,0.969656,Showy Lady's Slipper (Cypripedium reginae),1924,lower right in watercolor: M. V. W./5.10.1924,Match
42669827,Rose Pogonia,Pogonia ophioglossoides,218,SAAM-1970.355.556_1,0.881021,Rose Pogonia (Pogonia ophioglossoides),1906,"lower left in watercolor: Tuckerton/6.26.1906
back upper left in pencil: 218",Match
42669829,Venus Flytrap,Dionaea muscipula,219,SAAM-1970.355.557_2,0.8792243,Venus Flytrap (Dionaea muscipula),1918,lower right in watercolor: 4.21.1918.,Match
42669831,Carolina Jessamine,Gelsemium sempervirens,220,SAAM-1970.355.558_2,0.92080826,Carolina Jessamine (Gelsemium sempervirens),1926,lower left in watercolor: M. V. W./Beaufort/1  3.11.26,Match
42669833,Mountain-laurel,Kalmia latifolia,221,SAAM-1970.355.663_1,0.6774091,Lambkill (Kalmia angustifolia),1918,lower left in watercolor: Washington/5.16.1918.,Not Match
42669835,Goldenclub,Orontium aquaticum,222,SAAM-1970.355.560_1,0.9358839,Goldenclub (Orontium aquaticum),1918,lower left in watercolor: Beaufort S.C./3.13.1918,Match
42669837,American Waterlily,Nymphaea odorata,223,SAAM-1970.355.561_2,0.9324292,American Waterlily (Castalia odorata),1920,lower right in watercolor: M. V. W./6.13.1920,Match
42669839,Smooth Yellow Violet,Viola eriocarpa,224,SAAM-1970.355.562_2,0.9141923,Smooth Yellow Violet (Viola eriocarpa),1919,"lower left in watercolor: Washington/4.22.1919.
back upper left in pencil: 224
back lower left in pencil: Viola eriocarpa",Match
42669841,Bogbean,Menyanthes trifoliata,225,SAAM-1970.355.563_2,0.8637227,Bogbean (Menyanthes trifoliata),1925,lower left in watercolor: M. V. W./Lake Louise/9.  7.7.1925.,Match
42669843,Yaupon,Ilex vomitoria,226,SAAM-1970.355.564_2,0.8924123,Yaupon (Ilex vomitoria),1926,lower left in watercolor: M. V. W/Beaufort/2  3.16.1926.,Match
42669845,Trumpetcreeper,Bignonia radicans,227,SAAM-1970.355.565_2,0.9239942,Trumpet Creeper (Bignonia radicans),1926,"lower left in watercolor: M. V. W./7.31.1926
back upper left in pencil: 227",Match
42669847,Highbush Blueberry,Vaccinium corymbosum,228,SAAM-1970.355.566_2,0.88490605,Highbush Blueberry (Vaccinium corymbosum),1922,lower left in watercolor: M. V. W./4  5.10.1922,Match
42669849,Box Huckleberry,Gaylussacia brachycera,229,SAAM-1970.355.567_2,0.8957181,Box Huckleberry (Gaylussacia brachycera),1919,"lower right in watercolor: 3.31.1919
back lower left: Gaylussacia brachycera 19",Match
42669851,Pineland Blueberry,Vaccinium tenellum,230,SAAM-1970.355.568_2,0.91543883,Pineland Blueberry (Vaccinium tenellum),1918,lower right in watercolor: Beaufort S. C./3.13.1918.,Match
42669853,Cucumbertree,Magnolia acuminata,231,SAAM-1970.355.569_2,0.9237766,Cucumbertree (Magnolia acuminata),1922,lower left in watercolor: M. V. W./8  5.13.1922,Match
42669855,Downy Pinxterbloom,Azalea rosea,232,SAAM-1970.355.570_1,0.92870826,Downy Pinxter Bloom (Azalea rosea),1923,lower left in watercolor: M. V. W./4.14.1923,Match
42669857,Spotted Beebalm,Monarda punctata,233,SAAM-1970.355.571_1,0.9247423,Spotted Bee Balm (Monarda punctata),1919,"lower right in watercolor: M. V. W./10.27.1919.
back lower left in pencil: 233",Match
42669859,Virginia Springbeauty,Claytonia virginica,234,SAAM-1970.355.573_1,0.8806553,Virginia Springbeauty (Claytonia virginica),1919,"lower right in watercolor: M. V. W. 
lower left in watercolor: Washington/4.24.1919",Match
42669861,Purple Butterwort,Pinguicula elatior,235,SAAM-1970.355.572_1,0.82403433,Purple Butterwort (Pinguicula elatior),1920,"lower right in watercolor: M. V. W./3.26.1920.
back lower left in pencil: 235",Match
42669863,Parrot Pitcherplant,Sarracenia psittacina,236,SAAM-1970.355.574_2,0.92155993,Parrot Pitcherplant (Sarracenia psittacina),1925,"lower left in watercolor: M. V. W./5.14.1925.
back upper left in pencil: Hybrid pitcherplant/traittacina minor/Waynesboro, Georgia",Match
42669865,Wood Skullcap,Scutellaria serrata,237,SAAM-1970.355.575_1,0.8604557,Wood Skullcap (Scutellaria serrata),1917,lower left in watercolor: M.V.W./5.25.1917,Match
42669867,Blue-eyed-grass,Sisyrinchium angustifolium,238,SAAM-1970.355.576_2,0.8709793,Blue-eyed-grass (Sisyrinchium angustifolium),1920,"lower right in watercolor: M. V. W./Ghost River/7.14.1920.
lower left in watercolor: 7",Match
42669869,Red Trillium,Trillium erectum,239,SAAM-1970.355.577_2,0.9509001,Red Trillium (Trillium erectum),1918,lower right in watercolor: Washington/4.20.1918,Match
42669871,Snow Trillium,Trillium grandiflorum,240,SAAM-1970.355.578_2,0.9443903,Large White Trillium (Trillium grandiflorum),1923,"lower right in watercolor: M. V. W./Wash'n 4.28.'23 
lower left in watercolor: 4",Match
